-- phpMyAdmin SQL Dump
-- version 4.8.0.1
-- https://www.phpmyadmin.net/
--
-- Host: 127.0.0.1
-- Generation Time: Nov 12, 2018 at 07:03 PM
-- Server version: 10.1.32-MariaDB
-- PHP Version: 7.2.5

SET SQL_MODE = "NO_AUTO_VALUE_ON_ZERO";
SET AUTOCOMMIT = 0;
START TRANSACTION;
SET time_zone = "+00:00";


/*!40101 SET @OLD_CHARACTER_SET_CLIENT=@@CHARACTER_SET_CLIENT */;
/*!40101 SET @OLD_CHARACTER_SET_RESULTS=@@CHARACTER_SET_RESULTS */;
/*!40101 SET @OLD_COLLATION_CONNECTION=@@COLLATION_CONNECTION */;
/*!40101 SET NAMES utf8mb4 */;

--
-- Database: `hotel`
--

-- --------------------------------------------------------

--
-- Table structure for table `comments`
--

CREATE TABLE `comments` (
  `cid` int(11) NOT NULL,
  `h_id` varchar(30) COLLATE utf8_persian_ci NOT NULL,
  `username` varchar(70) COLLATE utf8_persian_ci NOT NULL,
  `comment` varchar(500) COLLATE utf8_persian_ci DEFAULT NULL,
  `rating` varchar(10) COLLATE utf8_persian_ci DEFAULT NULL
) ENGINE=InnoDB DEFAULT CHARSET=utf8 COLLATE=utf8_persian_ci;

--
-- Dumping data for table `comments`
--

INSERT INTO `comments` (`cid`, `h_id`, `username`, `comment`, `rating`) VALUES
(1, '0', 'iman', 'افتضاح', '0.0'),
(2, '0', 'iman', 'متوسط', '2.5'),
(3, '0', 'iman', 'هتل عالی با بهترین امکانات', '5.0'),
(4, '0', 'iman', 'تست', '2.0'),
(5, '0', 'iman', 'زخئئثدف', '1.0'),
(6, '0', 'iman', '', '0.0'),
(7, '0', 'iman', '', '0.0'),
(8, '1', 'iman', 'بهبه', '0.5'),
(9, '1', 'iman', 'گود', '3.0'),
(10, '1', 'iman', '', '1.0'),
(11, '0', 'iman', 'ok', '4.0'),
(12, '1', 'iman', 'عالی', '5.0'),
(13, '0', 'iman', '', '3.0'),
(14, '5', 'iman', 'ree', '3.5'),
(15, '0', 'iman4', '', '3.5'),
(16, '0', 'iman', '', '1.0'),
(17, '0', 'iman', '', '2.0'),
(18, '0', 'iman3', '', '3.0'),
(19, '0', 'iman3', '', '2.0'),
(20, '0', 'iman3', '', '4.0'),
(21, '0', 'iman3', 'jdjdjdj\ndjdjdjcjc', '5.0'),
(22, '0', 'iman3', 'we\nfjfj\nfnfjch\ndudu\ndjdjdjjdjd\ndjdj', '2.0'),
(23, '0', 'iman3', 'نبن\nبپبتت', '1.5');

-- --------------------------------------------------------

--
-- Table structure for table `hotel`
--

CREATE TABLE `hotel` (
  `h_id` varchar(30) COLLATE utf8_persian_ci NOT NULL DEFAULT '0',
  `city` varchar(15) COLLATE utf8_persian_ci DEFAULT NULL,
  `name` char(50) COLLATE utf8_persian_ci NOT NULL,
  `numOfStars` int(5) DEFAULT NULL,
  `descr` text COLLATE utf8_persian_ci NOT NULL
) ENGINE=InnoDB DEFAULT CHARSET=utf8 COLLATE=utf8_persian_ci;

--
-- Dumping data for table `hotel`
--

INSERT INTO `hotel` (`h_id`, `city`, `name`, `numOfStars`, `descr`) VALUES
('0', 'تهران', 'هتل استقلال تهران', 5, 'تقاطع بزرگراه شهید چمران و ولی عصر امکانات رفاهی: کافی شاپ - سالن بدن سازی - فروشگاه و غرفه - استخر - رستوران - کافی نت - پارکینگ رایگان با ظرفیت 1000 ماشین'),
('1', 'تهران', 'هتل آزادی تهران', 5, 'بزرگراه شهید چمران - تقاطع اوین - هتل ازادی امکانات رفاهی: کافی شاپ - سالن بدن سازی - فروشگاه و غرفه - استخر - رستوران - کافی نت - پارکینگ رایگان باسقف مسقف 50 و غیرمسقف 50ماشین'),
('2', 'تهران', 'هتل انقلاب تهران', 4, 'تهران - خیابان طالقانی - بین حافظ و ولیعصر - هتل پارسیان انقلاب\r\nامکانات رفاهی: کافی شاپ - سالن بدن سازی - فروشگاه و غرفه - استخر - رستوران - کافی نت - پارکینگ رایگان با ظرفیت 40 ماشین\r\n'),
('3', 'تهران', 'هتل اوین تهران', 4, 'تهران - بزرگراه شهيد دكتر چمران - تقاطع اوين\r\n\r\nامکانات رفاهی: کافی شاپ -  فروشگاه و غرفه - رستوران - کافی نت - اینترنت رایگان - پارکینگ رایگان غیرمسقف '),
('4', 'تهران', 'هتل بوتیک طوبی تهران', 3, 'تهران - بلوار آفريقا - خيابان ناصري\r\n\r\nامکانات رفاهی: کافی شاپ - سالن بدن سازی - رستوران -اینترنت رایگان در لابی و اتاق ها - پارکینگ رایگان باسقف مسقف 60'),
('5', 'مشهد', 'هتل الماس 2 مشهد', 4, 'مشهد - خیابان امام رضا - امام رضا 20\r\n\r\nامکانات رفاهی: کافی شاپ  - فروشگاه و غرفه - استخر - رستوران - اینرنت رایگان - پارکینگ رایگان مسقف با ظرفیت 200 ماشین در طبقات 2- و 3- فاصله تا حرم: 1/5 کیلومتر\r\n'),
('6', 'مشهد', 'هتل توریست توس مشهد', 4, 'مشهد - ابتداي بزرگراه آسيايي - بعد از پل قائم - جنب بیمارستان رضوی\r\nرستوران - اینترنت پولی! در لابی و اتاق ها - پارکینگ رایگان غیرمسقف با ظرفیت بالا\r\n\r\n\r\nفاصله تا حرم: 35 دقیقه با ماشین\r\n'),
('7', 'اصفهان', 'هتل عباسی اصفهان', 5, 'اصفهان - خیابان چهارباغ عباسی - خیابان آمادگاه\r\nامکانات رفاهی: کافی شاپ - فروشگاه و غرفه - استخر - رستوران - کافی نت - اینترنت رایگان - پارکینگ رایگان مسقف');

-- --------------------------------------------------------

--
-- Table structure for table `maprr`
--

CREATE TABLE `maprr` (
  `r_id` varchar(30) COLLATE utf8_persian_ci NOT NULL,
  `room_number` int(20) NOT NULL
) ENGINE=InnoDB DEFAULT CHARSET=utf8 COLLATE=utf8_persian_ci;

--
-- Dumping data for table `maprr`
--

INSERT INTO `maprr` (`r_id`, `room_number`) VALUES
('1', 101),
('1', 1),
('1', 2),
('1', 3),
('2', 4),
('2', 5),
('2', 6),
('2', 7),
('2', 8),
('3', 9),
('4', 10),
('4', 11),
('4', 12),
('4', 13),
('4', 14),
('4', 15),
('5', 16),
('5', 17),
('5', 18),
('5', 19),
('5', 20),
('5', 21),
('5', 22),
('5', 23),
('5', 24),
('5', 25),
('5', 26),
('5', 27),
('5', 28),
('5', 29),
('5', 30),
('5', 31),
('5', 32),
('5', 33),
('5', 34),
('5', 35),
('5', 36),
('5', 37),
('5', 38),
('5', 39),
('5', 40),
('5', 41),
('5', 42),
('5', 43),
('5', 44),
('5', 45),
('5', 46),
('5', 47),
('5', 48),
('5', 49),
('5', 50),
('5', 51),
('5', 52),
('5', 53),
('5', 54),
('5', 55),
('5', 56),
('6', 56),
('6', 57),
('5', 57),
('6', 58),
('5', 58),
('5', 59),
('6', 59),
('7', 60),
('5', 60),
('6', 60),
('6', 61),
('5', 61),
('7', 61),
('5', 62),
('7', 62),
('6', 62),
('7', 63),
('5', 63),
('6', 63),
('6', 64),
('5', 64),
('7', 64),
('6', 65),
('7', 65),
('5', 65),
('7', 66),
('6', 66),
('5', 66),
('6', 67),
('5', 67),
('7', 67),
('5', 68),
('7', 68),
('6', 68),
('7', 69),
('5', 69),
('6', 69),
('6', 70),
('5', 70),
('7', 70),
('6', 71),
('7', 71),
('5', 71),
('7', 72),
('6', 72),
('5', 72),
('6', 73),
('5', 73),
('7', 73),
('6', 74),
('7', 74),
('5', 74),
('7', 75),
('6', 75),
('5', 75),
('6', 76),
('5', 76),
('7', 76),
('6', 77),
('7', 77),
('5', 77),
('7', 78),
('6', 78),
('5', 78),
('6', 79),
('5', 79),
('7', 79),
('5', 80),
('7', 80),
('6', 80),
('7', 81),
('5', 81),
('6', 81),
('5', 82),
('6', 82),
('7', 82),
('5', 83),
('7', 83),
('6', 83),
('7', 84),
('5', 84),
('6', 84),
('5', 85),
('6', 85),
('7', 85),
('5', 86),
('7', 86),
('6', 86),
('7', 87),
('5', 87),
('6', 87),
('6', 88),
('5', 88),
('7', 88),
('6', 89),
('5', 89),
('8', 89),
('7', 89),
('6', 90),
('8', 90),
('5', 90),
('7', 90),
('8', 91),
('5', 91),
('7', 91),
('6', 91),
('5', 92),
('7', 92),
('8', 92),
('6', 92),
('5', 93),
('7', 93),
('8', 93),
('6', 93),
('9', 93),
('6', 94),
('9', 94),
('8', 94),
('7', 94),
('5', 94),
('7', 95),
('8', 95),
('9', 95),
('5', 95),
('6', 95),
('9', 96),
('8', 96),
('5', 96),
('7', 96),
('6', 96),
('8', 97),
('5', 97),
('9', 97),
('6', 97),
('7', 97),
('5', 98),
('8', 98),
('6', 98),
('9', 98),
('7', 98),
('7', 99),
('6', 99),
('9', 99),
('8', 99),
('5', 99),
('9', 100),
('7', 100),
('6', 100),
('5', 100),
('8', 100),
('6', 101),
('9', 101),
('5', 101),
('7', 101),
('8', 101),
('9', 102),
('5', 102),
('6', 102),
('8', 102),
('7', 102),
('5', 103),
('9', 103),
('6', 103),
('8', 103),
('7', 103),
('9', 104),
('7', 104),
('6', 104),
('8', 104),
('5', 104),
('9', 105),
('8', 105),
('7', 105),
('5', 105),
('6', 105),
('9', 106),
('8', 106),
('7', 106),
('5', 106),
('6', 106),
('7', 107),
('8', 107),
('9', 107),
('5', 107),
('6', 107),
('8', 108),
('6', 108),
('9', 108),
('5', 108),
('7', 108),
('5', 109),
('6', 109),
('9', 109),
('8', 109),
('7', 109),
('6', 110),
('9', 110),
('7', 110),
('8', 110),
('6', 111),
('5', 110),
('9', 111),
('8', 111),
('7', 111),
('9', 112),
('5', 111),
('8', 112),
('5', 112),
('7', 112),
('6', 112),
('8', 113),
('9', 113),
('6', 113),
('5', 113),
('7', 113),
('9', 114),
('5', 114),
('6', 114),
('7', 114),
('8', 114),
('7', 115),
('6', 115),
('9', 115),
('8', 115),
('7', 116),
('9', 116),
('8', 116),
('6', 116),
('9', 117),
('8', 117),
('7', 117),
('6', 117),
('9', 118),
('7', 118),
('6', 118),
('8', 118),
('6', 119),
('7', 119),
('9', 119),
('8', 119),
('7', 120),
('9', 120),
('8', 120),
('6', 120),
('8', 121),
('9', 121),
('7', 121),
('6', 121),
('8', 122),
('7', 122),
('6', 122),
('9', 122),
('7', 123),
('6', 123),
('8', 123),
('9', 123),
('6', 124),
('9', 124),
('8', 124),
('7', 124),
('8', 125),
('9', 125),
('6', 125),
('7', 125),
('9', 126),
('7', 126),
('6', 126),
('8', 126),
('7', 127),
('6', 127),
('9', 127),
('8', 127),
('7', 128),
('8', 128),
('9', 128),
('6', 128),
('8', 129),
('9', 129),
('7', 129),
('6', 129),
('9', 130),
('6', 130),
('7', 130),
('8', 130),
('6', 131),
('7', 131),
('9', 131),
('8', 131),
('7', 132),
('9', 132),
('8', 132),
('6', 132),
('8', 133),
('9', 133),
('7', 133),
('6', 133),
('8', 134),
('7', 134),
('6', 134),
('9', 134),
('6', 135),
('7', 135),
('8', 135),
('9', 135),
('7', 136),
('9', 136),
('8', 136),
('6', 136),
('9', 137),
('8', 137),
('7', 137),
('6', 137),
('9', 138),
('7', 138),
('6', 138),
('8', 138),
('6', 139),
('7', 139),
('8', 139),
('9', 139),
('7', 140),
('8', 140),
('9', 140),
('6', 140),
('9', 141),
('8', 141),
('7', 141),
('6', 141),
('8', 142),
('7', 142),
('6', 142),
('9', 142),
('6', 143),
('7', 143),
('8', 143),
('9', 143),
('7', 144),
('8', 144),
('9', 144),
('6', 144),
('9', 145),
('8', 145),
('7', 145),
('6', 145),
('9', 146),
('7', 146),
('6', 146),
('8', 146),
('7', 147),
('6', 147),
('9', 147),
('8', 147),
('7', 148),
('8', 148),
('9', 148),
('6', 148),
('9', 149),
('8', 149),
('7', 149),
('6', 149),
('8', 150),
('6', 150),
('7', 150),
('9', 150),
('7', 151),
('6', 151),
('8', 151),
('9', 151),
('7', 152),
('9', 152),
('8', 152),
('6', 152),
('9', 153),
('8', 153),
('7', 153),
('6', 153),
('8', 154),
('6', 154),
('7', 154),
('9', 154),
('7', 155),
('8', 155),
('9', 155),
('8', 156),
('9', 156),
('7', 156),
('8', 157),
('7', 157),
('9', 157),
('7', 158),
('8', 158),
('9', 158),
('9', 159),
('8', 159),
('9', 160),
('8', 160),
('8', 161),
('9', 161),
('9', 162),
('8', 162),
('8', 163),
('9', 163),
('9', 164),
('8', 164),
('8', 165),
('9', 165),
('9', 166),
('8', 166),
('8', 167),
('9', 167),
('9', 168),
('8', 168),
('8', 169),
('9', 169),
('9', 170),
('8', 170),
('8', 171),
('9', 171),
('9', 172),
('8', 172),
('8', 173),
('9', 173),
('9', 174),
('8', 174),
('8', 175),
('9', 175),
('9', 176),
('8', 176),
('8', 177),
('9', 177),
('9', 178),
('8', 178),
('8', 179),
('9', 179),
('9', 180),
('8', 180),
('8', 181),
('9', 181),
('9', 182),
('8', 182),
('8', 183),
('9', 183),
('9', 184),
('8', 184),
('8', 185),
('9', 185),
('9', 186),
('8', 186),
('8', 187),
('9', 187),
('9', 188),
('9', 189),
('9', 190),
('9', 191),
('10', 192),
('10', 193),
('10', 194),
('10', 195),
('10', 196),
('10', 197),
('10', 198),
('10', 199),
('10', 200),
('10', 201),
('10', 202),
('10', 203),
('10', 204),
('10', 205),
('10', 206),
('10', 207),
('10', 208),
('10', 209),
('10', 210),
('10', 211),
('10', 212),
('10', 213),
('10', 214),
('10', 215),
('10', 216),
('10', 217),
('10', 218),
('10', 219),
('10', 220),
('10', 221),
('10', 222),
('10', 223),
('10', 224),
('10', 225),
('10', 226),
('10', 227),
('10', 228),
('10', 229),
('10', 230),
('10', 231),
('10', 232),
('10', 233),
('10', 234),
('10', 235),
('10', 236),
('10', 237),
('10', 238),
('10', 239),
('10', 240),
('10', 241),
('10', 242),
('10', 243),
('10', 244),
('10', 245),
('10', 246),
('10', 247),
('10', 248),
('10', 249),
('10', 250),
('10', 251),
('10', 252),
('10', 253),
('10', 254),
('10', 255),
('10', 256),
('10', 257),
('10', 258),
('10', 259),
('10', 260),
('10', 261),
('10', 262),
('10', 263),
('10', 264),
('10', 265),
('10', 266),
('10', 267),
('10', 268),
('10', 269),
('10', 270),
('10', 271),
('10', 272),
('10', 273),
('10', 274),
('10', 275),
('10', 276),
('10', 277),
('10', 278),
('10', 279),
('10', 280),
('10', 281),
('10', 282),
('10', 283),
('10', 284),
('10', 285),
('10', 286),
('10', 287),
('10', 288),
('10', 289),
('10', 290),
('11', 291),
('11', 292),
('11', 293),
('11', 294),
('11', 295),
('11', 296),
('11', 297),
('11', 298),
('11', 299),
('11', 300),
('12', 301),
('13', 302),
('14', 303),
('15', 304),
('15', 305),
('15', 306),
('15', 307),
('15', 308),
('15', 309),
('15', 310),
('15', 311),
('15', 312),
('15', 313),
('15', 314),
('15', 315),
('15', 316),
('15', 317),
('15', 318),
('15', 319),
('15', 320),
('15', 321),
('15', 322),
('15', 323),
('15', 324),
('15', 325),
('15', 326),
('15', 327),
('15', 328),
('15', 329),
('15', 330),
('15', 331),
('15', 332),
('15', 333),
('15', 334),
('15', 335),
('15', 336),
('15', 337),
('15', 338),
('15', 339),
('15', 340),
('15', 341),
('15', 342),
('15', 343),
('15', 344),
('15', 345),
('15', 346),
('15', 347),
('15', 348),
('15', 349),
('15', 350),
('15', 351),
('15', 352),
('15', 353),
('15', 354),
('15', 355),
('15', 356),
('15', 357),
('15', 358),
('15', 359),
('15', 360),
('15', 361),
('15', 362),
('15', 363),
('15', 364),
('15', 365),
('15', 366),
('15', 367),
('15', 368),
('15', 369),
('15', 370),
('15', 371),
('15', 372),
('15', 373),
('15', 374),
('15', 375),
('15', 376),
('15', 377),
('15', 378),
('15', 379),
('15', 380),
('15', 381),
('15', 382),
('15', 383),
('15', 384),
('15', 385),
('15', 386),
('15', 387),
('15', 388),
('15', 389),
('15', 390),
('15', 391),
('15', 392),
('15', 393),
('15', 394),
('15', 395),
('15', 396),
('15', 397),
('15', 398),
('16', 399),
('16', 400),
('16', 401),
('16', 402),
('16', 403),
('16', 404),
('16', 405),
('16', 406),
('16', 407),
('16', 408),
('16', 409),
('16', 410),
('16', 411),
('16', 412),
('16', 413),
('16', 414),
('16', 415),
('16', 416),
('16', 417),
('16', 418),
('16', 419),
('16', 420),
('16', 421),
('16', 422),
('16', 423),
('16', 424),
('16', 425),
('16', 426),
('16', 427),
('16', 428),
('16', 429),
('16', 430),
('16', 431),
('16', 432),
('16', 433),
('16', 434),
('16', 435),
('16', 436),
('16', 437),
('16', 438),
('16', 439),
('16', 440),
('16', 441),
('16', 442),
('16', 443),
('16', 444),
('16', 445),
('16', 446),
('16', 447),
('16', 448),
('16', 449),
('16', 450),
('16', 451),
('16', 452),
('16', 453),
('16', 454),
('16', 455),
('16', 456),
('16', 457),
('16', 458),
('16', 459),
('16', 460),
('16', 461),
('16', 462),
('16', 463),
('16', 464),
('16', 465),
('16', 466),
('16', 467),
('16', 468),
('16', 469),
('16', 470),
('16', 471),
('16', 472),
('16', 473),
('16', 474),
('16', 475),
('16', 476),
('16', 477),
('16', 478),
('16', 479),
('16', 480),
('16', 481),
('16', 482),
('16', 483),
('16', 484),
('16', 485),
('16', 486),
('16', 487),
('16', 488),
('16', 489),
('16', 490),
('16', 491),
('16', 492),
('16', 493),
('16', 494),
('16', 495),
('16', 496),
('16', 497),
('17', 498),
('17', 499),
('17', 500),
('17', 501),
('17', 502),
('17', 503),
('17', 504),
('17', 505),
('17', 506),
('17', 507),
('17', 508),
('17', 509),
('17', 510),
('17', 511),
('17', 512),
('17', 513),
('17', 514),
('17', 515),
('17', 516),
('17', 517),
('17', 518),
('17', 519),
('17', 520),
('17', 521),
('17', 522),
('17', 523),
('17', 524),
('17', 525),
('17', 526),
('17', 527),
('17', 528),
('17', 529),
('17', 530),
('17', 531),
('17', 532),
('17', 533),
('17', 534),
('17', 535),
('17', 536),
('17', 537),
('17', 538),
('17', 539),
('17', 540),
('17', 541),
('17', 542),
('17', 543),
('17', 544),
('17', 545),
('17', 546),
('17', 547),
('17', 548),
('17', 549),
('17', 550),
('17', 551),
('17', 552),
('17', 553),
('17', 554),
('17', 555),
('17', 556),
('17', 557),
('17', 558),
('17', 559),
('17', 560),
('17', 561),
('17', 562),
('17', 563),
('17', 564),
('17', 565),
('17', 566),
('17', 567),
('17', 568),
('17', 569),
('17', 570),
('17', 571),
('17', 572),
('17', 573),
('17', 574),
('17', 575),
('17', 576),
('17', 577),
('17', 578),
('17', 579),
('17', 580),
('17', 581),
('17', 582),
('17', 583),
('17', 584),
('17', 585),
('17', 586),
('17', 587),
('17', 588),
('17', 589),
('17', 590),
('17', 591),
('17', 592),
('17', 593),
('17', 594),
('17', 595),
('17', 596),
('18', 597),
('19', 598),
('20', 599),
('21', 600),
('22', 601),
('23', 602),
('24', 603),
('25', 604),
('25', 605),
('25', 606),
('25', 607),
('25', 608),
('25', 609),
('25', 610),
('25', 611),
('25', 612),
('25', 613),
('25', 614),
('25', 615),
('25', 616),
('25', 617),
('25', 618),
('25', 619),
('25', 620),
('25', 621),
('25', 622),
('25', 623),
('25', 624),
('25', 625),
('25', 626),
('25', 627),
('25', 628),
('25', 629),
('25', 630),
('26', 631),
('26', 632),
('26', 633),
('26', 634),
('27', 635),
('28', 636),
('29', 637),
('29', 638),
('29', 639),
('29', 640),
('29', 641),
('29', 642);

-- --------------------------------------------------------

--
-- Table structure for table `maprt`
--

CREATE TABLE `maprt` (
  `r_id` varchar(20) COLLATE utf8_persian_ci NOT NULL DEFAULT '0',
  `type` varchar(200) COLLATE utf8_persian_ci NOT NULL DEFAULT ''
) ENGINE=InnoDB DEFAULT CHARSET=utf8 COLLATE=utf8_persian_ci;

--
-- Dumping data for table `maprt`
--

INSERT INTO `maprt` (`r_id`, `type`) VALUES
('1', 'Standard'),
('1', 'اتاق دو تخته توئین'),
('2', 'سوئيت دو نفره كوچك ضلع غربي'),
('3', 'اتاق یک تخته الماس برای مهمان ایرانی'),
('4', 'اتاق دو تخته دبل'),
('5', 'اتاق دو تخته دبل'),
('6', 'اتاق دو تخته دبل'),
('7', 'اتاق دو تخته دبل'),
('8', 'اتاق دو تخته دبل'),
('9', 'اتاق دو تخته دبل'),
('10', 'اتاق دو تخته توئین'),
('11', 'اتاق دو تخته ضلع شرقي'),
('12', 'اتاق دو تخته دبل'),
('13', 'اتاق دو تخته دبل'),
('14', 'اتاق دو تخته دبل'),
('15', 'سوئیت لوکس 2 خوابه'),
('16', 'اتاق دو تخته دبل'),
('17', 'اتاق دو تخته دبل'),
('18', 'اتاق تک تخته '),
('19', 'اتاق تک تخته '),
('20', 'اتاق دو تخته ضلع شرقي'),
('21', 'اتاق دو تخته دبل'),
('22', 'test'),
('23', 'test'),
('24', 'اتاق دو تخته توئین'),
('25', 'اتاق دو تخته توئین'),
('26', 'اتاق دو تخته توئین'),
('27', 'اتاق دو تخته توئین'),
('28', 'اتاق یک تخته الماس برای مهمان ایرانی'),
('29', 'اتاق دو تخته دبل');

-- --------------------------------------------------------

--
-- Table structure for table `mapur`
--

CREATE TABLE `mapur` (
  `Userid` varchar(20) COLLATE utf8_persian_ci NOT NULL DEFAULT '',
  `r_id` varchar(20) COLLATE utf8_persian_ci NOT NULL DEFAULT ''
) ENGINE=InnoDB DEFAULT CHARSET=utf8 COLLATE=utf8_persian_ci;

--
-- Dumping data for table `mapur`
--

INSERT INTO `mapur` (`Userid`, `r_id`) VALUES
('iman2', '1'),
('iman3', '10'),
('iman', '11'),
('iman', '12'),
('iman', '13'),
('iman', '14'),
('iman', '15'),
('iman', '16'),
('iman', '17'),
('iman', '18'),
('iman', '19'),
('iman2', '2'),
('iman3', '20'),
('iman', '21'),
('iman', '22'),
('iman', '23'),
('imann', '24'),
('imann', '25'),
('imann', '26'),
('vshsgsg', '27'),
('imanhhszh', '28'),
('imanhhszh', '29'),
('iman2', '3'),
('iman3', '4'),
('iman3', '5'),
('iman3', '6'),
('iman3', '7'),
('iman3', '8'),
('iman3', '9');

-- --------------------------------------------------------

--
-- Table structure for table `reservation`
--

CREATE TABLE `reservation` (
  `r_id` varchar(30) COLLATE utf8_persian_ci NOT NULL DEFAULT '0',
  `r_chkindt` date NOT NULL,
  `r_chkoutdt` date NOT NULL,
  `r_rooms` int(30) NOT NULL DEFAULT '0',
  `r_type` varchar(20) COLLATE utf8_persian_ci NOT NULL DEFAULT '',
  `hotel` varchar(200) COLLATE utf8_persian_ci NOT NULL DEFAULT ''
) ENGINE=InnoDB DEFAULT CHARSET=utf8 COLLATE=utf8_persian_ci;

--
-- Dumping data for table `reservation`
--

INSERT INTO `reservation` (`r_id`, `r_chkindt`, `r_chkoutdt`, `r_rooms`, `r_type`, `hotel`) VALUES
('1', '1397-06-03', '1397-06-04', 3, 'اتاق دو تخته توئین', '0'),
('10', '1397-08-10', '1397-08-15', 99, 'اتاق دو تخته توئین', '0'),
('11', '1397-08-14', '1397-08-15', 10, 'اتاق دو تخته ضلع شرق', '0'),
('12', '1397-08-15', '1397-08-16', 1, 'اتاق دو تخته دبل', '0'),
('13', '1397-08-15', '1397-08-16', 1, 'اتاق دو تخته دبل', '0'),
('14', '1397-08-15', '1397-08-16', 1, 'اتاق دو تخته دبل', '0'),
('15', '1397-08-15', '1397-08-16', 95, 'سوئیت لوکس 2 خوابه', '0'),
('16', '1397-08-15', '1397-08-16', 99, 'اتاق دو تخته دبل', '0'),
('17', '1397-08-15', '1397-08-16', 99, 'اتاق دو تخته دبل', '0'),
('18', '1397-08-15', '1397-08-16', 1, 'اتاق تک تخته ', '1'),
('19', '1397-08-15', '1397-08-16', 1, 'اتاق تک تخته ', '1'),
('2', '1397-05-04', '1397-05-09', 5, 'سوئيت دو نفره كوچك ض', '1'),
('20', '1397-08-15', '1397-08-16', 1, 'اتاق دو تخته ضلع شرق', '0'),
('21', '1397-08-15', '1397-08-16', 1, 'اتاق دو تخته دبل', '0'),
('22', '1397-08-15', '1397-08-16', 1, 'test', '0'),
('23', '1397-08-15', '1397-08-16', 1, 'test', '0'),
('24', '1397-08-21', '1397-08-22', 1, 'اتاق دو تخته توئین', '0'),
('25', '1397-08-21', '1397-08-22', 27, 'اتاق دو تخته توئین', '0'),
('26', '1397-08-21', '1397-08-22', 4, 'اتاق دو تخته توئین', '0'),
('27', '1397-08-21', '1397-08-22', 1, 'اتاق دو تخته توئین', '0'),
('28', '1397-08-21', '1397-08-22', 1, 'اتاق یک تخته الماس ب', '5'),
('29', '1397-08-21', '1397-08-22', 6, 'اتاق دو تخته دبل', '0'),
('3', '1397-06-04', '1397-06-05', 1, 'اتاق یک تخته الماس ب', '5'),
('4', '1397-08-10', '1397-08-15', 6, 'اتاق دو تخته دبل', '0'),
('5', '1397-08-10', '1397-08-15', 99, 'اتاق دو تخته دبل', '0'),
('6', '1397-08-10', '1397-08-15', 99, 'اتاق دو تخته دبل', '0'),
('7', '1397-08-10', '1397-08-15', 99, 'اتاق دو تخته دبل', '0'),
('8', '1397-08-10', '1397-08-15', 99, 'اتاق دو تخته دبل', '0'),
('9', '1397-08-10', '1397-08-15', 99, 'اتاق دو تخته دبل', '0');

-- --------------------------------------------------------

--
-- Table structure for table `room`
--

CREATE TABLE `room` (
  `room_number` int(20) NOT NULL,
  `r_id` varchar(20) COLLATE utf8_persian_ci NOT NULL DEFAULT '',
  `type` varchar(20) COLLATE utf8_persian_ci NOT NULL DEFAULT '',
  `CheckIn Date` date DEFAULT NULL,
  `CheckOut Date` date DEFAULT NULL
) ENGINE=InnoDB DEFAULT CHARSET=utf8 COLLATE=utf8_persian_ci;

--
-- Dumping data for table `room`
--

INSERT INTO `room` (`room_number`, `r_id`, `type`, `CheckIn Date`, `CheckOut Date`) VALUES
(1, '1', 'اتاق دو تخته توئین', '1397-06-03', '1397-06-04'),
(2, '1', 'اتاق دو تخته توئین', '1397-06-03', '1397-06-04'),
(3, '1', 'اتاق دو تخته توئین', '1397-06-03', '1397-06-04'),
(4, '2', 'سوئيت دو نفره كوچك ض', '1397-05-04', '1397-05-09'),
(5, '2', 'سوئيت دو نفره كوچك ض', '1397-05-04', '1397-05-09'),
(6, '2', 'سوئيت دو نفره كوچك ض', '1397-05-04', '1397-05-09'),
(7, '2', 'سوئيت دو نفره كوچك ض', '1397-05-04', '1397-05-09'),
(8, '2', 'سوئيت دو نفره كوچك ض', '1397-05-04', '1397-05-09'),
(9, '3', 'اتاق یک تخته الماس ب', '1397-06-04', '1397-06-05'),
(10, '4', 'اتاق دو تخته دبل', '1397-08-10', '1397-08-15'),
(11, '4', 'اتاق دو تخته دبل', '1397-08-10', '1397-08-15'),
(12, '4', 'اتاق دو تخته دبل', '1397-08-10', '1397-08-15'),
(13, '4', 'اتاق دو تخته دبل', '1397-08-10', '1397-08-15'),
(14, '4', 'اتاق دو تخته دبل', '1397-08-10', '1397-08-15'),
(15, '4', 'اتاق دو تخته دبل', '1397-08-10', '1397-08-15'),
(16, '5', 'اتاق دو تخته دبل', '1397-08-10', '1397-08-15'),
(17, '5', 'اتاق دو تخته دبل', '1397-08-10', '1397-08-15'),
(18, '5', 'اتاق دو تخته دبل', '1397-08-10', '1397-08-15'),
(19, '5', 'اتاق دو تخته دبل', '1397-08-10', '1397-08-15'),
(20, '5', 'اتاق دو تخته دبل', '1397-08-10', '1397-08-15'),
(21, '5', 'اتاق دو تخته دبل', '1397-08-10', '1397-08-15'),
(22, '5', 'اتاق دو تخته دبل', '1397-08-10', '1397-08-15'),
(23, '5', 'اتاق دو تخته دبل', '1397-08-10', '1397-08-15'),
(24, '5', 'اتاق دو تخته دبل', '1397-08-10', '1397-08-15'),
(25, '5', 'اتاق دو تخته دبل', '1397-08-10', '1397-08-15'),
(26, '5', 'اتاق دو تخته دبل', '1397-08-10', '1397-08-15'),
(27, '5', 'اتاق دو تخته دبل', '1397-08-10', '1397-08-15'),
(28, '5', 'اتاق دو تخته دبل', '1397-08-10', '1397-08-15'),
(29, '5', 'اتاق دو تخته دبل', '1397-08-10', '1397-08-15'),
(30, '5', 'اتاق دو تخته دبل', '1397-08-10', '1397-08-15'),
(31, '5', 'اتاق دو تخته دبل', '1397-08-10', '1397-08-15'),
(32, '5', 'اتاق دو تخته دبل', '1397-08-10', '1397-08-15'),
(33, '5', 'اتاق دو تخته دبل', '1397-08-10', '1397-08-15'),
(34, '5', 'اتاق دو تخته دبل', '1397-08-10', '1397-08-15'),
(35, '5', 'اتاق دو تخته دبل', '1397-08-10', '1397-08-15'),
(36, '5', 'اتاق دو تخته دبل', '1397-08-10', '1397-08-15'),
(37, '5', 'اتاق دو تخته دبل', '1397-08-10', '1397-08-15'),
(38, '5', 'اتاق دو تخته دبل', '1397-08-10', '1397-08-15'),
(39, '5', 'اتاق دو تخته دبل', '1397-08-10', '1397-08-15'),
(40, '5', 'اتاق دو تخته دبل', '1397-08-10', '1397-08-15'),
(41, '5', 'اتاق دو تخته دبل', '1397-08-10', '1397-08-15'),
(42, '5', 'اتاق دو تخته دبل', '1397-08-10', '1397-08-15'),
(43, '5', 'اتاق دو تخته دبل', '1397-08-10', '1397-08-15'),
(44, '5', 'اتاق دو تخته دبل', '1397-08-10', '1397-08-15'),
(45, '5', 'اتاق دو تخته دبل', '1397-08-10', '1397-08-15'),
(46, '5', 'اتاق دو تخته دبل', '1397-08-10', '1397-08-15'),
(47, '5', 'اتاق دو تخته دبل', '1397-08-10', '1397-08-15'),
(48, '5', 'اتاق دو تخته دبل', '1397-08-10', '1397-08-15'),
(49, '5', 'اتاق دو تخته دبل', '1397-08-10', '1397-08-15'),
(50, '5', 'اتاق دو تخته دبل', '1397-08-10', '1397-08-15'),
(51, '5', 'اتاق دو تخته دبل', '1397-08-10', '1397-08-15'),
(52, '5', 'اتاق دو تخته دبل', '1397-08-10', '1397-08-15'),
(53, '5', 'اتاق دو تخته دبل', '1397-08-10', '1397-08-15'),
(54, '5', 'اتاق دو تخته دبل', '1397-08-10', '1397-08-15'),
(55, '5', 'اتاق دو تخته دبل', '1397-08-10', '1397-08-15'),
(56, '5', 'اتاق دو تخته دبل', '1397-08-10', '1397-08-15'),
(57, '6', 'اتاق دو تخته دبل', '1397-08-10', '1397-08-15'),
(58, '6', 'اتاق دو تخته دبل', '1397-08-10', '1397-08-15'),
(59, '5', 'اتاق دو تخته دبل', '1397-08-10', '1397-08-15'),
(60, '7', 'اتاق دو تخته دبل', '1397-08-10', '1397-08-15'),
(61, '6', 'اتاق دو تخته دبل', '1397-08-10', '1397-08-15'),
(62, '5', 'اتاق دو تخته دبل', '1397-08-10', '1397-08-15'),
(63, '7', 'اتاق دو تخته دبل', '1397-08-10', '1397-08-15'),
(64, '5', 'اتاق دو تخته دبل', '1397-08-10', '1397-08-15'),
(65, '6', 'اتاق دو تخته دبل', '1397-08-10', '1397-08-15'),
(66, '7', 'اتاق دو تخته دبل', '1397-08-10', '1397-08-15'),
(67, '6', 'اتاق دو تخته دبل', '1397-08-10', '1397-08-15'),
(68, '5', 'اتاق دو تخته دبل', '1397-08-10', '1397-08-15'),
(69, '7', 'اتاق دو تخته دبل', '1397-08-10', '1397-08-15'),
(70, '5', 'اتاق دو تخته دبل', '1397-08-10', '1397-08-15'),
(71, '6', 'اتاق دو تخته دبل', '1397-08-10', '1397-08-15'),
(72, '7', 'اتاق دو تخته دبل', '1397-08-10', '1397-08-15'),
(73, '5', 'اتاق دو تخته دبل', '1397-08-10', '1397-08-15'),
(74, '6', 'اتاق دو تخته دبل', '1397-08-10', '1397-08-15'),
(75, '7', 'اتاق دو تخته دبل', '1397-08-10', '1397-08-15'),
(76, '5', 'اتاق دو تخته دبل', '1397-08-10', '1397-08-15'),
(77, '6', 'اتاق دو تخته دبل', '1397-08-10', '1397-08-15'),
(78, '7', 'اتاق دو تخته دبل', '1397-08-10', '1397-08-15'),
(79, '6', 'اتاق دو تخته دبل', '1397-08-10', '1397-08-15'),
(80, '5', 'اتاق دو تخته دبل', '1397-08-10', '1397-08-15'),
(81, '7', 'اتاق دو تخته دبل', '1397-08-10', '1397-08-15'),
(82, '6', 'اتاق دو تخته دبل', '1397-08-10', '1397-08-15'),
(83, '5', 'اتاق دو تخته دبل', '1397-08-10', '1397-08-15'),
(84, '7', 'اتاق دو تخته دبل', '1397-08-10', '1397-08-15'),
(85, '6', 'اتاق دو تخته دبل', '1397-08-10', '1397-08-15'),
(86, '5', 'اتاق دو تخته دبل', '1397-08-10', '1397-08-15'),
(87, '7', 'اتاق دو تخته دبل', '1397-08-10', '1397-08-15'),
(88, '5', 'اتاق دو تخته دبل', '1397-08-10', '1397-08-15'),
(89, '5', 'اتاق دو تخته دبل', '1397-08-10', '1397-08-15'),
(90, '6', 'اتاق دو تخته دبل', '1397-08-10', '1397-08-15'),
(91, '8', 'اتاق دو تخته دبل', '1397-08-10', '1397-08-15'),
(92, '7', 'اتاق دو تخته دبل', '1397-08-10', '1397-08-15'),
(93, '5', 'اتاق دو تخته دبل', '1397-08-10', '1397-08-15'),
(94, '6', 'اتاق دو تخته دبل', '1397-08-10', '1397-08-15'),
(95, '7', 'اتاق دو تخته دبل', '1397-08-10', '1397-08-15'),
(96, '9', 'اتاق دو تخته دبل', '1397-08-10', '1397-08-15'),
(97, '8', 'اتاق دو تخته دبل', '1397-08-10', '1397-08-15'),
(98, '5', 'اتاق دو تخته دبل', '1397-08-10', '1397-08-15'),
(99, '8', 'اتاق دو تخته دبل', '1397-08-10', '1397-08-15'),
(100, '7', 'اتاق دو تخته دبل', '1397-08-10', '1397-08-15'),
(101, '6', 'اتاق دو تخته دبل', '1397-08-10', '1397-08-15'),
(102, '9', 'اتاق دو تخته دبل', '1397-08-10', '1397-08-15'),
(103, '5', 'اتاق دو تخته دبل', '1397-08-10', '1397-08-15'),
(104, '6', 'اتاق دو تخته دبل', '1397-08-10', '1397-08-15'),
(105, '9', 'اتاق دو تخته دبل', '1397-08-10', '1397-08-15'),
(106, '9', 'اتاق دو تخته دبل', '1397-08-10', '1397-08-15'),
(107, '7', 'اتاق دو تخته دبل', '1397-08-10', '1397-08-15'),
(108, '8', 'اتاق دو تخته دبل', '1397-08-10', '1397-08-15'),
(109, '5', 'اتاق دو تخته دبل', '1397-08-10', '1397-08-15'),
(110, '6', 'اتاق دو تخته دبل', '1397-08-10', '1397-08-15'),
(111, '6', 'اتاق دو تخته دبل', '1397-08-10', '1397-08-15'),
(112, '9', 'اتاق دو تخته دبل', '1397-08-10', '1397-08-15'),
(113, '8', 'اتاق دو تخته دبل', '1397-08-10', '1397-08-15'),
(114, '9', 'اتاق دو تخته دبل', '1397-08-10', '1397-08-15'),
(115, '6', 'اتاق دو تخته دبل', '1397-08-10', '1397-08-15'),
(116, '7', 'اتاق دو تخته دبل', '1397-08-10', '1397-08-15'),
(117, '8', 'اتاق دو تخته دبل', '1397-08-10', '1397-08-15'),
(118, '9', 'اتاق دو تخته دبل', '1397-08-10', '1397-08-15'),
(119, '6', 'اتاق دو تخته دبل', '1397-08-10', '1397-08-15'),
(120, '7', 'اتاق دو تخته دبل', '1397-08-10', '1397-08-15'),
(121, '9', 'اتاق دو تخته دبل', '1397-08-10', '1397-08-15'),
(122, '8', 'اتاق دو تخته دبل', '1397-08-10', '1397-08-15'),
(123, '7', 'اتاق دو تخته دبل', '1397-08-10', '1397-08-15'),
(124, '6', 'اتاق دو تخته دبل', '1397-08-10', '1397-08-15'),
(125, '8', 'اتاق دو تخته دبل', '1397-08-10', '1397-08-15'),
(126, '9', 'اتاق دو تخته دبل', '1397-08-10', '1397-08-15'),
(127, '6', 'اتاق دو تخته دبل', '1397-08-10', '1397-08-15'),
(128, '7', 'اتاق دو تخته دبل', '1397-08-10', '1397-08-15'),
(129, '8', 'اتاق دو تخته دبل', '1397-08-10', '1397-08-15'),
(130, '9', 'اتاق دو تخته دبل', '1397-08-10', '1397-08-15'),
(131, '6', 'اتاق دو تخته دبل', '1397-08-10', '1397-08-15'),
(132, '7', 'اتاق دو تخته دبل', '1397-08-10', '1397-08-15'),
(133, '9', 'اتاق دو تخته دبل', '1397-08-10', '1397-08-15'),
(134, '8', 'اتاق دو تخته دبل', '1397-08-10', '1397-08-15'),
(135, '6', 'اتاق دو تخته دبل', '1397-08-10', '1397-08-15'),
(136, '7', 'اتاق دو تخته دبل', '1397-08-10', '1397-08-15'),
(137, '8', 'اتاق دو تخته دبل', '1397-08-10', '1397-08-15'),
(138, '9', 'اتاق دو تخته دبل', '1397-08-10', '1397-08-15'),
(139, '6', 'اتاق دو تخته دبل', '1397-08-10', '1397-08-15'),
(140, '7', 'اتاق دو تخته دبل', '1397-08-10', '1397-08-15'),
(141, '9', 'اتاق دو تخته دبل', '1397-08-10', '1397-08-15'),
(142, '8', 'اتاق دو تخته دبل', '1397-08-10', '1397-08-15'),
(143, '6', 'اتاق دو تخته دبل', '1397-08-10', '1397-08-15'),
(144, '7', 'اتاق دو تخته دبل', '1397-08-10', '1397-08-15'),
(145, '8', 'اتاق دو تخته دبل', '1397-08-10', '1397-08-15'),
(146, '9', 'اتاق دو تخته دبل', '1397-08-10', '1397-08-15'),
(147, '6', 'اتاق دو تخته دبل', '1397-08-10', '1397-08-15'),
(148, '7', 'اتاق دو تخته دبل', '1397-08-10', '1397-08-15'),
(149, '9', 'اتاق دو تخته دبل', '1397-08-10', '1397-08-15'),
(150, '8', 'اتاق دو تخته دبل', '1397-08-10', '1397-08-15'),
(151, '6', 'اتاق دو تخته دبل', '1397-08-10', '1397-08-15'),
(152, '7', 'اتاق دو تخته دبل', '1397-08-10', '1397-08-15'),
(153, '9', 'اتاق دو تخته دبل', '1397-08-10', '1397-08-15'),
(154, '8', 'اتاق دو تخته دبل', '1397-08-10', '1397-08-15'),
(155, '7', 'اتاق دو تخته دبل', '1397-08-10', '1397-08-15'),
(156, '9', 'اتاق دو تخته دبل', '1397-08-10', '1397-08-15'),
(157, '8', 'اتاق دو تخته دبل', '1397-08-10', '1397-08-15'),
(158, '7', 'اتاق دو تخته دبل', '1397-08-10', '1397-08-15'),
(159, '8', 'اتاق دو تخته دبل', '1397-08-10', '1397-08-15'),
(160, '9', 'اتاق دو تخته دبل', '1397-08-10', '1397-08-15'),
(161, '8', 'اتاق دو تخته دبل', '1397-08-10', '1397-08-15'),
(162, '9', 'اتاق دو تخته دبل', '1397-08-10', '1397-08-15'),
(163, '8', 'اتاق دو تخته دبل', '1397-08-10', '1397-08-15'),
(164, '9', 'اتاق دو تخته دبل', '1397-08-10', '1397-08-15'),
(165, '8', 'اتاق دو تخته دبل', '1397-08-10', '1397-08-15'),
(166, '9', 'اتاق دو تخته دبل', '1397-08-10', '1397-08-15'),
(167, '8', 'اتاق دو تخته دبل', '1397-08-10', '1397-08-15'),
(168, '9', 'اتاق دو تخته دبل', '1397-08-10', '1397-08-15'),
(169, '8', 'اتاق دو تخته دبل', '1397-08-10', '1397-08-15'),
(170, '9', 'اتاق دو تخته دبل', '1397-08-10', '1397-08-15'),
(171, '8', 'اتاق دو تخته دبل', '1397-08-10', '1397-08-15'),
(172, '9', 'اتاق دو تخته دبل', '1397-08-10', '1397-08-15'),
(173, '8', 'اتاق دو تخته دبل', '1397-08-10', '1397-08-15'),
(174, '9', 'اتاق دو تخته دبل', '1397-08-10', '1397-08-15'),
(175, '8', 'اتاق دو تخته دبل', '1397-08-10', '1397-08-15'),
(176, '9', 'اتاق دو تخته دبل', '1397-08-10', '1397-08-15'),
(177, '8', 'اتاق دو تخته دبل', '1397-08-10', '1397-08-15'),
(178, '9', 'اتاق دو تخته دبل', '1397-08-10', '1397-08-15'),
(179, '8', 'اتاق دو تخته دبل', '1397-08-10', '1397-08-15'),
(180, '9', 'اتاق دو تخته دبل', '1397-08-10', '1397-08-15'),
(181, '8', 'اتاق دو تخته دبل', '1397-08-10', '1397-08-15'),
(182, '9', 'اتاق دو تخته دبل', '1397-08-10', '1397-08-15'),
(183, '8', 'اتاق دو تخته دبل', '1397-08-10', '1397-08-15'),
(184, '9', 'اتاق دو تخته دبل', '1397-08-10', '1397-08-15'),
(185, '8', 'اتاق دو تخته دبل', '1397-08-10', '1397-08-15'),
(186, '9', 'اتاق دو تخته دبل', '1397-08-10', '1397-08-15'),
(187, '8', 'اتاق دو تخته دبل', '1397-08-10', '1397-08-15'),
(188, '9', 'اتاق دو تخته دبل', '1397-08-10', '1397-08-15'),
(189, '9', 'اتاق دو تخته دبل', '1397-08-10', '1397-08-15'),
(190, '9', 'اتاق دو تخته دبل', '1397-08-10', '1397-08-15'),
(191, '9', 'اتاق دو تخته دبل', '1397-08-10', '1397-08-15'),
(192, '10', 'اتاق دو تخته توئین', '1397-08-10', '1397-08-15'),
(193, '10', 'اتاق دو تخته توئین', '1397-08-10', '1397-08-15'),
(194, '10', 'اتاق دو تخته توئین', '1397-08-10', '1397-08-15'),
(195, '10', 'اتاق دو تخته توئین', '1397-08-10', '1397-08-15'),
(196, '10', 'اتاق دو تخته توئین', '1397-08-10', '1397-08-15'),
(197, '10', 'اتاق دو تخته توئین', '1397-08-10', '1397-08-15'),
(198, '10', 'اتاق دو تخته توئین', '1397-08-10', '1397-08-15'),
(199, '10', 'اتاق دو تخته توئین', '1397-08-10', '1397-08-15'),
(200, '10', 'اتاق دو تخته توئین', '1397-08-10', '1397-08-15'),
(201, '10', 'اتاق دو تخته توئین', '1397-08-10', '1397-08-15'),
(202, '10', 'اتاق دو تخته توئین', '1397-08-10', '1397-08-15'),
(203, '10', 'اتاق دو تخته توئین', '1397-08-10', '1397-08-15'),
(204, '10', 'اتاق دو تخته توئین', '1397-08-10', '1397-08-15'),
(205, '10', 'اتاق دو تخته توئین', '1397-08-10', '1397-08-15'),
(206, '10', 'اتاق دو تخته توئین', '1397-08-10', '1397-08-15'),
(207, '10', 'اتاق دو تخته توئین', '1397-08-10', '1397-08-15'),
(208, '10', 'اتاق دو تخته توئین', '1397-08-10', '1397-08-15'),
(209, '10', 'اتاق دو تخته توئین', '1397-08-10', '1397-08-15'),
(210, '10', 'اتاق دو تخته توئین', '1397-08-10', '1397-08-15'),
(211, '10', 'اتاق دو تخته توئین', '1397-08-10', '1397-08-15'),
(212, '10', 'اتاق دو تخته توئین', '1397-08-10', '1397-08-15'),
(213, '10', 'اتاق دو تخته توئین', '1397-08-10', '1397-08-15'),
(214, '10', 'اتاق دو تخته توئین', '1397-08-10', '1397-08-15'),
(215, '10', 'اتاق دو تخته توئین', '1397-08-10', '1397-08-15'),
(216, '10', 'اتاق دو تخته توئین', '1397-08-10', '1397-08-15'),
(217, '10', 'اتاق دو تخته توئین', '1397-08-10', '1397-08-15'),
(218, '10', 'اتاق دو تخته توئین', '1397-08-10', '1397-08-15'),
(219, '10', 'اتاق دو تخته توئین', '1397-08-10', '1397-08-15'),
(220, '10', 'اتاق دو تخته توئین', '1397-08-10', '1397-08-15'),
(221, '10', 'اتاق دو تخته توئین', '1397-08-10', '1397-08-15'),
(222, '10', 'اتاق دو تخته توئین', '1397-08-10', '1397-08-15'),
(223, '10', 'اتاق دو تخته توئین', '1397-08-10', '1397-08-15'),
(224, '10', 'اتاق دو تخته توئین', '1397-08-10', '1397-08-15'),
(225, '10', 'اتاق دو تخته توئین', '1397-08-10', '1397-08-15'),
(226, '10', 'اتاق دو تخته توئین', '1397-08-10', '1397-08-15'),
(227, '10', 'اتاق دو تخته توئین', '1397-08-10', '1397-08-15'),
(228, '10', 'اتاق دو تخته توئین', '1397-08-10', '1397-08-15'),
(229, '10', 'اتاق دو تخته توئین', '1397-08-10', '1397-08-15'),
(230, '10', 'اتاق دو تخته توئین', '1397-08-10', '1397-08-15'),
(231, '10', 'اتاق دو تخته توئین', '1397-08-10', '1397-08-15'),
(232, '10', 'اتاق دو تخته توئین', '1397-08-10', '1397-08-15'),
(233, '10', 'اتاق دو تخته توئین', '1397-08-10', '1397-08-15'),
(234, '10', 'اتاق دو تخته توئین', '1397-08-10', '1397-08-15'),
(235, '10', 'اتاق دو تخته توئین', '1397-08-10', '1397-08-15'),
(236, '10', 'اتاق دو تخته توئین', '1397-08-10', '1397-08-15'),
(237, '10', 'اتاق دو تخته توئین', '1397-08-10', '1397-08-15'),
(238, '10', 'اتاق دو تخته توئین', '1397-08-10', '1397-08-15'),
(239, '10', 'اتاق دو تخته توئین', '1397-08-10', '1397-08-15'),
(240, '10', 'اتاق دو تخته توئین', '1397-08-10', '1397-08-15'),
(241, '10', 'اتاق دو تخته توئین', '1397-08-10', '1397-08-15'),
(242, '10', 'اتاق دو تخته توئین', '1397-08-10', '1397-08-15'),
(243, '10', 'اتاق دو تخته توئین', '1397-08-10', '1397-08-15'),
(244, '10', 'اتاق دو تخته توئین', '1397-08-10', '1397-08-15'),
(245, '10', 'اتاق دو تخته توئین', '1397-08-10', '1397-08-15'),
(246, '10', 'اتاق دو تخته توئین', '1397-08-10', '1397-08-15'),
(247, '10', 'اتاق دو تخته توئین', '1397-08-10', '1397-08-15'),
(248, '10', 'اتاق دو تخته توئین', '1397-08-10', '1397-08-15'),
(249, '10', 'اتاق دو تخته توئین', '1397-08-10', '1397-08-15'),
(250, '10', 'اتاق دو تخته توئین', '1397-08-10', '1397-08-15'),
(251, '10', 'اتاق دو تخته توئین', '1397-08-10', '1397-08-15'),
(252, '10', 'اتاق دو تخته توئین', '1397-08-10', '1397-08-15'),
(253, '10', 'اتاق دو تخته توئین', '1397-08-10', '1397-08-15'),
(254, '10', 'اتاق دو تخته توئین', '1397-08-10', '1397-08-15'),
(255, '10', 'اتاق دو تخته توئین', '1397-08-10', '1397-08-15'),
(256, '10', 'اتاق دو تخته توئین', '1397-08-10', '1397-08-15'),
(257, '10', 'اتاق دو تخته توئین', '1397-08-10', '1397-08-15'),
(258, '10', 'اتاق دو تخته توئین', '1397-08-10', '1397-08-15'),
(259, '10', 'اتاق دو تخته توئین', '1397-08-10', '1397-08-15'),
(260, '10', 'اتاق دو تخته توئین', '1397-08-10', '1397-08-15'),
(261, '10', 'اتاق دو تخته توئین', '1397-08-10', '1397-08-15'),
(262, '10', 'اتاق دو تخته توئین', '1397-08-10', '1397-08-15'),
(263, '10', 'اتاق دو تخته توئین', '1397-08-10', '1397-08-15'),
(264, '10', 'اتاق دو تخته توئین', '1397-08-10', '1397-08-15'),
(265, '10', 'اتاق دو تخته توئین', '1397-08-10', '1397-08-15'),
(266, '10', 'اتاق دو تخته توئین', '1397-08-10', '1397-08-15'),
(267, '10', 'اتاق دو تخته توئین', '1397-08-10', '1397-08-15'),
(268, '10', 'اتاق دو تخته توئین', '1397-08-10', '1397-08-15'),
(269, '10', 'اتاق دو تخته توئین', '1397-08-10', '1397-08-15'),
(270, '10', 'اتاق دو تخته توئین', '1397-08-10', '1397-08-15'),
(271, '10', 'اتاق دو تخته توئین', '1397-08-10', '1397-08-15'),
(272, '10', 'اتاق دو تخته توئین', '1397-08-10', '1397-08-15'),
(273, '10', 'اتاق دو تخته توئین', '1397-08-10', '1397-08-15'),
(274, '10', 'اتاق دو تخته توئین', '1397-08-10', '1397-08-15'),
(275, '10', 'اتاق دو تخته توئین', '1397-08-10', '1397-08-15'),
(276, '10', 'اتاق دو تخته توئین', '1397-08-10', '1397-08-15'),
(277, '10', 'اتاق دو تخته توئین', '1397-08-10', '1397-08-15'),
(278, '10', 'اتاق دو تخته توئین', '1397-08-10', '1397-08-15'),
(279, '10', 'اتاق دو تخته توئین', '1397-08-10', '1397-08-15'),
(280, '10', 'اتاق دو تخته توئین', '1397-08-10', '1397-08-15'),
(281, '10', 'اتاق دو تخته توئین', '1397-08-10', '1397-08-15'),
(282, '10', 'اتاق دو تخته توئین', '1397-08-10', '1397-08-15'),
(283, '10', 'اتاق دو تخته توئین', '1397-08-10', '1397-08-15'),
(284, '10', 'اتاق دو تخته توئین', '1397-08-10', '1397-08-15'),
(285, '10', 'اتاق دو تخته توئین', '1397-08-10', '1397-08-15'),
(286, '10', 'اتاق دو تخته توئین', '1397-08-10', '1397-08-15'),
(287, '10', 'اتاق دو تخته توئین', '1397-08-10', '1397-08-15'),
(288, '10', 'اتاق دو تخته توئین', '1397-08-10', '1397-08-15'),
(289, '10', 'اتاق دو تخته توئین', '1397-08-10', '1397-08-15'),
(290, '10', 'اتاق دو تخته توئین', '1397-08-10', '1397-08-15'),
(291, '11', 'اتاق دو تخته ضلع شرق', '1397-08-14', '1397-08-15'),
(292, '11', 'اتاق دو تخته ضلع شرق', '1397-08-14', '1397-08-15'),
(293, '11', 'اتاق دو تخته ضلع شرق', '1397-08-14', '1397-08-15'),
(294, '11', 'اتاق دو تخته ضلع شرق', '1397-08-14', '1397-08-15'),
(295, '11', 'اتاق دو تخته ضلع شرق', '1397-08-14', '1397-08-15'),
(296, '11', 'اتاق دو تخته ضلع شرق', '1397-08-14', '1397-08-15'),
(297, '11', 'اتاق دو تخته ضلع شرق', '1397-08-14', '1397-08-15'),
(298, '11', 'اتاق دو تخته ضلع شرق', '1397-08-14', '1397-08-15'),
(299, '11', 'اتاق دو تخته ضلع شرق', '1397-08-14', '1397-08-15'),
(300, '11', 'اتاق دو تخته ضلع شرق', '1397-08-14', '1397-08-15'),
(301, '12', 'اتاق دو تخته دبل', '1397-08-15', '1397-08-16'),
(302, '13', 'اتاق دو تخته دبل', '1397-08-15', '1397-08-16'),
(303, '14', 'اتاق دو تخته دبل', '1397-08-15', '1397-08-16'),
(304, '15', 'سوئیت لوکس 2 خوابه', '1397-08-15', '1397-08-16'),
(305, '15', 'سوئیت لوکس 2 خوابه', '1397-08-15', '1397-08-16'),
(306, '15', 'سوئیت لوکس 2 خوابه', '1397-08-15', '1397-08-16'),
(307, '15', 'سوئیت لوکس 2 خوابه', '1397-08-15', '1397-08-16'),
(308, '15', 'سوئیت لوکس 2 خوابه', '1397-08-15', '1397-08-16'),
(309, '15', 'سوئیت لوکس 2 خوابه', '1397-08-15', '1397-08-16'),
(310, '15', 'سوئیت لوکس 2 خوابه', '1397-08-15', '1397-08-16'),
(311, '15', 'سوئیت لوکس 2 خوابه', '1397-08-15', '1397-08-16'),
(312, '15', 'سوئیت لوکس 2 خوابه', '1397-08-15', '1397-08-16'),
(313, '15', 'سوئیت لوکس 2 خوابه', '1397-08-15', '1397-08-16'),
(314, '15', 'سوئیت لوکس 2 خوابه', '1397-08-15', '1397-08-16'),
(315, '15', 'سوئیت لوکس 2 خوابه', '1397-08-15', '1397-08-16'),
(316, '15', 'سوئیت لوکس 2 خوابه', '1397-08-15', '1397-08-16'),
(317, '15', 'سوئیت لوکس 2 خوابه', '1397-08-15', '1397-08-16'),
(318, '15', 'سوئیت لوکس 2 خوابه', '1397-08-15', '1397-08-16'),
(319, '15', 'سوئیت لوکس 2 خوابه', '1397-08-15', '1397-08-16'),
(320, '15', 'سوئیت لوکس 2 خوابه', '1397-08-15', '1397-08-16'),
(321, '15', 'سوئیت لوکس 2 خوابه', '1397-08-15', '1397-08-16'),
(322, '15', 'سوئیت لوکس 2 خوابه', '1397-08-15', '1397-08-16'),
(323, '15', 'سوئیت لوکس 2 خوابه', '1397-08-15', '1397-08-16'),
(324, '15', 'سوئیت لوکس 2 خوابه', '1397-08-15', '1397-08-16'),
(325, '15', 'سوئیت لوکس 2 خوابه', '1397-08-15', '1397-08-16'),
(326, '15', 'سوئیت لوکس 2 خوابه', '1397-08-15', '1397-08-16'),
(327, '15', 'سوئیت لوکس 2 خوابه', '1397-08-15', '1397-08-16'),
(328, '15', 'سوئیت لوکس 2 خوابه', '1397-08-15', '1397-08-16'),
(329, '15', 'سوئیت لوکس 2 خوابه', '1397-08-15', '1397-08-16'),
(330, '15', 'سوئیت لوکس 2 خوابه', '1397-08-15', '1397-08-16'),
(331, '15', 'سوئیت لوکس 2 خوابه', '1397-08-15', '1397-08-16'),
(332, '15', 'سوئیت لوکس 2 خوابه', '1397-08-15', '1397-08-16'),
(333, '15', 'سوئیت لوکس 2 خوابه', '1397-08-15', '1397-08-16'),
(334, '15', 'سوئیت لوکس 2 خوابه', '1397-08-15', '1397-08-16'),
(335, '15', 'سوئیت لوکس 2 خوابه', '1397-08-15', '1397-08-16'),
(336, '15', 'سوئیت لوکس 2 خوابه', '1397-08-15', '1397-08-16'),
(337, '15', 'سوئیت لوکس 2 خوابه', '1397-08-15', '1397-08-16'),
(338, '15', 'سوئیت لوکس 2 خوابه', '1397-08-15', '1397-08-16'),
(339, '15', 'سوئیت لوکس 2 خوابه', '1397-08-15', '1397-08-16'),
(340, '15', 'سوئیت لوکس 2 خوابه', '1397-08-15', '1397-08-16'),
(341, '15', 'سوئیت لوکس 2 خوابه', '1397-08-15', '1397-08-16'),
(342, '15', 'سوئیت لوکس 2 خوابه', '1397-08-15', '1397-08-16'),
(343, '15', 'سوئیت لوکس 2 خوابه', '1397-08-15', '1397-08-16'),
(344, '15', 'سوئیت لوکس 2 خوابه', '1397-08-15', '1397-08-16'),
(345, '15', 'سوئیت لوکس 2 خوابه', '1397-08-15', '1397-08-16'),
(346, '15', 'سوئیت لوکس 2 خوابه', '1397-08-15', '1397-08-16'),
(347, '15', 'سوئیت لوکس 2 خوابه', '1397-08-15', '1397-08-16'),
(348, '15', 'سوئیت لوکس 2 خوابه', '1397-08-15', '1397-08-16'),
(349, '15', 'سوئیت لوکس 2 خوابه', '1397-08-15', '1397-08-16'),
(350, '15', 'سوئیت لوکس 2 خوابه', '1397-08-15', '1397-08-16'),
(351, '15', 'سوئیت لوکس 2 خوابه', '1397-08-15', '1397-08-16'),
(352, '15', 'سوئیت لوکس 2 خوابه', '1397-08-15', '1397-08-16'),
(353, '15', 'سوئیت لوکس 2 خوابه', '1397-08-15', '1397-08-16'),
(354, '15', 'سوئیت لوکس 2 خوابه', '1397-08-15', '1397-08-16'),
(355, '15', 'سوئیت لوکس 2 خوابه', '1397-08-15', '1397-08-16'),
(356, '15', 'سوئیت لوکس 2 خوابه', '1397-08-15', '1397-08-16'),
(357, '15', 'سوئیت لوکس 2 خوابه', '1397-08-15', '1397-08-16'),
(358, '15', 'سوئیت لوکس 2 خوابه', '1397-08-15', '1397-08-16'),
(359, '15', 'سوئیت لوکس 2 خوابه', '1397-08-15', '1397-08-16'),
(360, '15', 'سوئیت لوکس 2 خوابه', '1397-08-15', '1397-08-16'),
(361, '15', 'سوئیت لوکس 2 خوابه', '1397-08-15', '1397-08-16'),
(362, '15', 'سوئیت لوکس 2 خوابه', '1397-08-15', '1397-08-16'),
(363, '15', 'سوئیت لوکس 2 خوابه', '1397-08-15', '1397-08-16'),
(364, '15', 'سوئیت لوکس 2 خوابه', '1397-08-15', '1397-08-16'),
(365, '15', 'سوئیت لوکس 2 خوابه', '1397-08-15', '1397-08-16'),
(366, '15', 'سوئیت لوکس 2 خوابه', '1397-08-15', '1397-08-16'),
(367, '15', 'سوئیت لوکس 2 خوابه', '1397-08-15', '1397-08-16'),
(368, '15', 'سوئیت لوکس 2 خوابه', '1397-08-15', '1397-08-16'),
(369, '15', 'سوئیت لوکس 2 خوابه', '1397-08-15', '1397-08-16'),
(370, '15', 'سوئیت لوکس 2 خوابه', '1397-08-15', '1397-08-16'),
(371, '15', 'سوئیت لوکس 2 خوابه', '1397-08-15', '1397-08-16'),
(372, '15', 'سوئیت لوکس 2 خوابه', '1397-08-15', '1397-08-16'),
(373, '15', 'سوئیت لوکس 2 خوابه', '1397-08-15', '1397-08-16'),
(374, '15', 'سوئیت لوکس 2 خوابه', '1397-08-15', '1397-08-16'),
(375, '15', 'سوئیت لوکس 2 خوابه', '1397-08-15', '1397-08-16'),
(376, '15', 'سوئیت لوکس 2 خوابه', '1397-08-15', '1397-08-16'),
(377, '15', 'سوئیت لوکس 2 خوابه', '1397-08-15', '1397-08-16'),
(378, '15', 'سوئیت لوکس 2 خوابه', '1397-08-15', '1397-08-16'),
(379, '15', 'سوئیت لوکس 2 خوابه', '1397-08-15', '1397-08-16'),
(380, '15', 'سوئیت لوکس 2 خوابه', '1397-08-15', '1397-08-16'),
(381, '15', 'سوئیت لوکس 2 خوابه', '1397-08-15', '1397-08-16'),
(382, '15', 'سوئیت لوکس 2 خوابه', '1397-08-15', '1397-08-16'),
(383, '15', 'سوئیت لوکس 2 خوابه', '1397-08-15', '1397-08-16'),
(384, '15', 'سوئیت لوکس 2 خوابه', '1397-08-15', '1397-08-16'),
(385, '15', 'سوئیت لوکس 2 خوابه', '1397-08-15', '1397-08-16'),
(386, '15', 'سوئیت لوکس 2 خوابه', '1397-08-15', '1397-08-16'),
(387, '15', 'سوئیت لوکس 2 خوابه', '1397-08-15', '1397-08-16'),
(388, '15', 'سوئیت لوکس 2 خوابه', '1397-08-15', '1397-08-16'),
(389, '15', 'سوئیت لوکس 2 خوابه', '1397-08-15', '1397-08-16'),
(390, '15', 'سوئیت لوکس 2 خوابه', '1397-08-15', '1397-08-16'),
(391, '15', 'سوئیت لوکس 2 خوابه', '1397-08-15', '1397-08-16'),
(392, '15', 'سوئیت لوکس 2 خوابه', '1397-08-15', '1397-08-16'),
(393, '15', 'سوئیت لوکس 2 خوابه', '1397-08-15', '1397-08-16'),
(394, '15', 'سوئیت لوکس 2 خوابه', '1397-08-15', '1397-08-16'),
(395, '15', 'سوئیت لوکس 2 خوابه', '1397-08-15', '1397-08-16'),
(396, '15', 'سوئیت لوکس 2 خوابه', '1397-08-15', '1397-08-16'),
(397, '15', 'سوئیت لوکس 2 خوابه', '1397-08-15', '1397-08-16'),
(398, '15', 'سوئیت لوکس 2 خوابه', '1397-08-15', '1397-08-16'),
(399, '16', 'اتاق دو تخته دبل', '1397-08-15', '1397-08-16'),
(400, '16', 'اتاق دو تخته دبل', '1397-08-15', '1397-08-16'),
(401, '16', 'اتاق دو تخته دبل', '1397-08-15', '1397-08-16'),
(402, '16', 'اتاق دو تخته دبل', '1397-08-15', '1397-08-16'),
(403, '16', 'اتاق دو تخته دبل', '1397-08-15', '1397-08-16'),
(404, '16', 'اتاق دو تخته دبل', '1397-08-15', '1397-08-16'),
(405, '16', 'اتاق دو تخته دبل', '1397-08-15', '1397-08-16'),
(406, '16', 'اتاق دو تخته دبل', '1397-08-15', '1397-08-16'),
(407, '16', 'اتاق دو تخته دبل', '1397-08-15', '1397-08-16'),
(408, '16', 'اتاق دو تخته دبل', '1397-08-15', '1397-08-16'),
(409, '16', 'اتاق دو تخته دبل', '1397-08-15', '1397-08-16'),
(410, '16', 'اتاق دو تخته دبل', '1397-08-15', '1397-08-16'),
(411, '16', 'اتاق دو تخته دبل', '1397-08-15', '1397-08-16'),
(412, '16', 'اتاق دو تخته دبل', '1397-08-15', '1397-08-16'),
(413, '16', 'اتاق دو تخته دبل', '1397-08-15', '1397-08-16'),
(414, '16', 'اتاق دو تخته دبل', '1397-08-15', '1397-08-16'),
(415, '16', 'اتاق دو تخته دبل', '1397-08-15', '1397-08-16'),
(416, '16', 'اتاق دو تخته دبل', '1397-08-15', '1397-08-16'),
(417, '16', 'اتاق دو تخته دبل', '1397-08-15', '1397-08-16'),
(418, '16', 'اتاق دو تخته دبل', '1397-08-15', '1397-08-16'),
(419, '16', 'اتاق دو تخته دبل', '1397-08-15', '1397-08-16'),
(420, '16', 'اتاق دو تخته دبل', '1397-08-15', '1397-08-16'),
(421, '16', 'اتاق دو تخته دبل', '1397-08-15', '1397-08-16'),
(422, '16', 'اتاق دو تخته دبل', '1397-08-15', '1397-08-16'),
(423, '16', 'اتاق دو تخته دبل', '1397-08-15', '1397-08-16'),
(424, '16', 'اتاق دو تخته دبل', '1397-08-15', '1397-08-16'),
(425, '16', 'اتاق دو تخته دبل', '1397-08-15', '1397-08-16'),
(426, '16', 'اتاق دو تخته دبل', '1397-08-15', '1397-08-16'),
(427, '16', 'اتاق دو تخته دبل', '1397-08-15', '1397-08-16'),
(428, '16', 'اتاق دو تخته دبل', '1397-08-15', '1397-08-16'),
(429, '16', 'اتاق دو تخته دبل', '1397-08-15', '1397-08-16'),
(430, '16', 'اتاق دو تخته دبل', '1397-08-15', '1397-08-16'),
(431, '16', 'اتاق دو تخته دبل', '1397-08-15', '1397-08-16'),
(432, '16', 'اتاق دو تخته دبل', '1397-08-15', '1397-08-16'),
(433, '16', 'اتاق دو تخته دبل', '1397-08-15', '1397-08-16'),
(434, '16', 'اتاق دو تخته دبل', '1397-08-15', '1397-08-16'),
(435, '16', 'اتاق دو تخته دبل', '1397-08-15', '1397-08-16'),
(436, '16', 'اتاق دو تخته دبل', '1397-08-15', '1397-08-16'),
(437, '16', 'اتاق دو تخته دبل', '1397-08-15', '1397-08-16'),
(438, '16', 'اتاق دو تخته دبل', '1397-08-15', '1397-08-16'),
(439, '16', 'اتاق دو تخته دبل', '1397-08-15', '1397-08-16'),
(440, '16', 'اتاق دو تخته دبل', '1397-08-15', '1397-08-16'),
(441, '16', 'اتاق دو تخته دبل', '1397-08-15', '1397-08-16'),
(442, '16', 'اتاق دو تخته دبل', '1397-08-15', '1397-08-16'),
(443, '16', 'اتاق دو تخته دبل', '1397-08-15', '1397-08-16'),
(444, '16', 'اتاق دو تخته دبل', '1397-08-15', '1397-08-16'),
(445, '16', 'اتاق دو تخته دبل', '1397-08-15', '1397-08-16'),
(446, '16', 'اتاق دو تخته دبل', '1397-08-15', '1397-08-16'),
(447, '16', 'اتاق دو تخته دبل', '1397-08-15', '1397-08-16'),
(448, '16', 'اتاق دو تخته دبل', '1397-08-15', '1397-08-16'),
(449, '16', 'اتاق دو تخته دبل', '1397-08-15', '1397-08-16'),
(450, '16', 'اتاق دو تخته دبل', '1397-08-15', '1397-08-16'),
(451, '16', 'اتاق دو تخته دبل', '1397-08-15', '1397-08-16'),
(452, '16', 'اتاق دو تخته دبل', '1397-08-15', '1397-08-16'),
(453, '16', 'اتاق دو تخته دبل', '1397-08-15', '1397-08-16'),
(454, '16', 'اتاق دو تخته دبل', '1397-08-15', '1397-08-16'),
(455, '16', 'اتاق دو تخته دبل', '1397-08-15', '1397-08-16'),
(456, '16', 'اتاق دو تخته دبل', '1397-08-15', '1397-08-16'),
(457, '16', 'اتاق دو تخته دبل', '1397-08-15', '1397-08-16'),
(458, '16', 'اتاق دو تخته دبل', '1397-08-15', '1397-08-16'),
(459, '16', 'اتاق دو تخته دبل', '1397-08-15', '1397-08-16'),
(460, '16', 'اتاق دو تخته دبل', '1397-08-15', '1397-08-16'),
(461, '16', 'اتاق دو تخته دبل', '1397-08-15', '1397-08-16'),
(462, '16', 'اتاق دو تخته دبل', '1397-08-15', '1397-08-16'),
(463, '16', 'اتاق دو تخته دبل', '1397-08-15', '1397-08-16'),
(464, '16', 'اتاق دو تخته دبل', '1397-08-15', '1397-08-16'),
(465, '16', 'اتاق دو تخته دبل', '1397-08-15', '1397-08-16'),
(466, '16', 'اتاق دو تخته دبل', '1397-08-15', '1397-08-16'),
(467, '16', 'اتاق دو تخته دبل', '1397-08-15', '1397-08-16'),
(468, '16', 'اتاق دو تخته دبل', '1397-08-15', '1397-08-16'),
(469, '16', 'اتاق دو تخته دبل', '1397-08-15', '1397-08-16'),
(470, '16', 'اتاق دو تخته دبل', '1397-08-15', '1397-08-16'),
(471, '16', 'اتاق دو تخته دبل', '1397-08-15', '1397-08-16'),
(472, '16', 'اتاق دو تخته دبل', '1397-08-15', '1397-08-16'),
(473, '16', 'اتاق دو تخته دبل', '1397-08-15', '1397-08-16'),
(474, '16', 'اتاق دو تخته دبل', '1397-08-15', '1397-08-16'),
(475, '16', 'اتاق دو تخته دبل', '1397-08-15', '1397-08-16'),
(476, '16', 'اتاق دو تخته دبل', '1397-08-15', '1397-08-16'),
(477, '16', 'اتاق دو تخته دبل', '1397-08-15', '1397-08-16'),
(478, '16', 'اتاق دو تخته دبل', '1397-08-15', '1397-08-16'),
(479, '16', 'اتاق دو تخته دبل', '1397-08-15', '1397-08-16'),
(480, '16', 'اتاق دو تخته دبل', '1397-08-15', '1397-08-16'),
(481, '16', 'اتاق دو تخته دبل', '1397-08-15', '1397-08-16'),
(482, '16', 'اتاق دو تخته دبل', '1397-08-15', '1397-08-16'),
(483, '16', 'اتاق دو تخته دبل', '1397-08-15', '1397-08-16'),
(484, '16', 'اتاق دو تخته دبل', '1397-08-15', '1397-08-16'),
(485, '16', 'اتاق دو تخته دبل', '1397-08-15', '1397-08-16'),
(486, '16', 'اتاق دو تخته دبل', '1397-08-15', '1397-08-16'),
(487, '16', 'اتاق دو تخته دبل', '1397-08-15', '1397-08-16'),
(488, '16', 'اتاق دو تخته دبل', '1397-08-15', '1397-08-16'),
(489, '16', 'اتاق دو تخته دبل', '1397-08-15', '1397-08-16'),
(490, '16', 'اتاق دو تخته دبل', '1397-08-15', '1397-08-16'),
(491, '16', 'اتاق دو تخته دبل', '1397-08-15', '1397-08-16'),
(492, '16', 'اتاق دو تخته دبل', '1397-08-15', '1397-08-16'),
(493, '16', 'اتاق دو تخته دبل', '1397-08-15', '1397-08-16'),
(494, '16', 'اتاق دو تخته دبل', '1397-08-15', '1397-08-16'),
(495, '16', 'اتاق دو تخته دبل', '1397-08-15', '1397-08-16'),
(496, '16', 'اتاق دو تخته دبل', '1397-08-15', '1397-08-16'),
(497, '16', 'اتاق دو تخته دبل', '1397-08-15', '1397-08-16'),
(498, '17', 'اتاق دو تخته دبل', '1397-08-15', '1397-08-16'),
(499, '17', 'اتاق دو تخته دبل', '1397-08-15', '1397-08-16'),
(500, '17', 'اتاق دو تخته دبل', '1397-08-15', '1397-08-16'),
(501, '17', 'اتاق دو تخته دبل', '1397-08-15', '1397-08-16'),
(502, '17', 'اتاق دو تخته دبل', '1397-08-15', '1397-08-16'),
(503, '17', 'اتاق دو تخته دبل', '1397-08-15', '1397-08-16'),
(504, '17', 'اتاق دو تخته دبل', '1397-08-15', '1397-08-16'),
(505, '17', 'اتاق دو تخته دبل', '1397-08-15', '1397-08-16'),
(506, '17', 'اتاق دو تخته دبل', '1397-08-15', '1397-08-16'),
(507, '17', 'اتاق دو تخته دبل', '1397-08-15', '1397-08-16'),
(508, '17', 'اتاق دو تخته دبل', '1397-08-15', '1397-08-16'),
(509, '17', 'اتاق دو تخته دبل', '1397-08-15', '1397-08-16'),
(510, '17', 'اتاق دو تخته دبل', '1397-08-15', '1397-08-16'),
(511, '17', 'اتاق دو تخته دبل', '1397-08-15', '1397-08-16'),
(512, '17', 'اتاق دو تخته دبل', '1397-08-15', '1397-08-16'),
(513, '17', 'اتاق دو تخته دبل', '1397-08-15', '1397-08-16'),
(514, '17', 'اتاق دو تخته دبل', '1397-08-15', '1397-08-16'),
(515, '17', 'اتاق دو تخته دبل', '1397-08-15', '1397-08-16'),
(516, '17', 'اتاق دو تخته دبل', '1397-08-15', '1397-08-16'),
(517, '17', 'اتاق دو تخته دبل', '1397-08-15', '1397-08-16'),
(518, '17', 'اتاق دو تخته دبل', '1397-08-15', '1397-08-16'),
(519, '17', 'اتاق دو تخته دبل', '1397-08-15', '1397-08-16'),
(520, '17', 'اتاق دو تخته دبل', '1397-08-15', '1397-08-16'),
(521, '17', 'اتاق دو تخته دبل', '1397-08-15', '1397-08-16'),
(522, '17', 'اتاق دو تخته دبل', '1397-08-15', '1397-08-16'),
(523, '17', 'اتاق دو تخته دبل', '1397-08-15', '1397-08-16'),
(524, '17', 'اتاق دو تخته دبل', '1397-08-15', '1397-08-16'),
(525, '17', 'اتاق دو تخته دبل', '1397-08-15', '1397-08-16'),
(526, '17', 'اتاق دو تخته دبل', '1397-08-15', '1397-08-16'),
(527, '17', 'اتاق دو تخته دبل', '1397-08-15', '1397-08-16'),
(528, '17', 'اتاق دو تخته دبل', '1397-08-15', '1397-08-16'),
(529, '17', 'اتاق دو تخته دبل', '1397-08-15', '1397-08-16'),
(530, '17', 'اتاق دو تخته دبل', '1397-08-15', '1397-08-16'),
(531, '17', 'اتاق دو تخته دبل', '1397-08-15', '1397-08-16'),
(532, '17', 'اتاق دو تخته دبل', '1397-08-15', '1397-08-16'),
(533, '17', 'اتاق دو تخته دبل', '1397-08-15', '1397-08-16'),
(534, '17', 'اتاق دو تخته دبل', '1397-08-15', '1397-08-16'),
(535, '17', 'اتاق دو تخته دبل', '1397-08-15', '1397-08-16'),
(536, '17', 'اتاق دو تخته دبل', '1397-08-15', '1397-08-16'),
(537, '17', 'اتاق دو تخته دبل', '1397-08-15', '1397-08-16'),
(538, '17', 'اتاق دو تخته دبل', '1397-08-15', '1397-08-16'),
(539, '17', 'اتاق دو تخته دبل', '1397-08-15', '1397-08-16'),
(540, '17', 'اتاق دو تخته دبل', '1397-08-15', '1397-08-16'),
(541, '17', 'اتاق دو تخته دبل', '1397-08-15', '1397-08-16'),
(542, '17', 'اتاق دو تخته دبل', '1397-08-15', '1397-08-16'),
(543, '17', 'اتاق دو تخته دبل', '1397-08-15', '1397-08-16'),
(544, '17', 'اتاق دو تخته دبل', '1397-08-15', '1397-08-16'),
(545, '17', 'اتاق دو تخته دبل', '1397-08-15', '1397-08-16'),
(546, '17', 'اتاق دو تخته دبل', '1397-08-15', '1397-08-16'),
(547, '17', 'اتاق دو تخته دبل', '1397-08-15', '1397-08-16'),
(548, '17', 'اتاق دو تخته دبل', '1397-08-15', '1397-08-16'),
(549, '17', 'اتاق دو تخته دبل', '1397-08-15', '1397-08-16'),
(550, '17', 'اتاق دو تخته دبل', '1397-08-15', '1397-08-16'),
(551, '17', 'اتاق دو تخته دبل', '1397-08-15', '1397-08-16'),
(552, '17', 'اتاق دو تخته دبل', '1397-08-15', '1397-08-16'),
(553, '17', 'اتاق دو تخته دبل', '1397-08-15', '1397-08-16'),
(554, '17', 'اتاق دو تخته دبل', '1397-08-15', '1397-08-16'),
(555, '17', 'اتاق دو تخته دبل', '1397-08-15', '1397-08-16'),
(556, '17', 'اتاق دو تخته دبل', '1397-08-15', '1397-08-16'),
(557, '17', 'اتاق دو تخته دبل', '1397-08-15', '1397-08-16'),
(558, '17', 'اتاق دو تخته دبل', '1397-08-15', '1397-08-16'),
(559, '17', 'اتاق دو تخته دبل', '1397-08-15', '1397-08-16'),
(560, '17', 'اتاق دو تخته دبل', '1397-08-15', '1397-08-16'),
(561, '17', 'اتاق دو تخته دبل', '1397-08-15', '1397-08-16'),
(562, '17', 'اتاق دو تخته دبل', '1397-08-15', '1397-08-16'),
(563, '17', 'اتاق دو تخته دبل', '1397-08-15', '1397-08-16'),
(564, '17', 'اتاق دو تخته دبل', '1397-08-15', '1397-08-16'),
(565, '17', 'اتاق دو تخته دبل', '1397-08-15', '1397-08-16'),
(566, '17', 'اتاق دو تخته دبل', '1397-08-15', '1397-08-16'),
(567, '17', 'اتاق دو تخته دبل', '1397-08-15', '1397-08-16'),
(568, '17', 'اتاق دو تخته دبل', '1397-08-15', '1397-08-16'),
(569, '17', 'اتاق دو تخته دبل', '1397-08-15', '1397-08-16'),
(570, '17', 'اتاق دو تخته دبل', '1397-08-15', '1397-08-16'),
(571, '17', 'اتاق دو تخته دبل', '1397-08-15', '1397-08-16'),
(572, '17', 'اتاق دو تخته دبل', '1397-08-15', '1397-08-16'),
(573, '17', 'اتاق دو تخته دبل', '1397-08-15', '1397-08-16'),
(574, '17', 'اتاق دو تخته دبل', '1397-08-15', '1397-08-16'),
(575, '17', 'اتاق دو تخته دبل', '1397-08-15', '1397-08-16'),
(576, '17', 'اتاق دو تخته دبل', '1397-08-15', '1397-08-16'),
(577, '17', 'اتاق دو تخته دبل', '1397-08-15', '1397-08-16'),
(578, '17', 'اتاق دو تخته دبل', '1397-08-15', '1397-08-16'),
(579, '17', 'اتاق دو تخته دبل', '1397-08-15', '1397-08-16'),
(580, '17', 'اتاق دو تخته دبل', '1397-08-15', '1397-08-16'),
(581, '17', 'اتاق دو تخته دبل', '1397-08-15', '1397-08-16'),
(582, '17', 'اتاق دو تخته دبل', '1397-08-15', '1397-08-16'),
(583, '17', 'اتاق دو تخته دبل', '1397-08-15', '1397-08-16'),
(584, '17', 'اتاق دو تخته دبل', '1397-08-15', '1397-08-16'),
(585, '17', 'اتاق دو تخته دبل', '1397-08-15', '1397-08-16'),
(586, '17', 'اتاق دو تخته دبل', '1397-08-15', '1397-08-16'),
(587, '17', 'اتاق دو تخته دبل', '1397-08-15', '1397-08-16'),
(588, '17', 'اتاق دو تخته دبل', '1397-08-15', '1397-08-16'),
(589, '17', 'اتاق دو تخته دبل', '1397-08-15', '1397-08-16'),
(590, '17', 'اتاق دو تخته دبل', '1397-08-15', '1397-08-16'),
(591, '17', 'اتاق دو تخته دبل', '1397-08-15', '1397-08-16'),
(592, '17', 'اتاق دو تخته دبل', '1397-08-15', '1397-08-16'),
(593, '17', 'اتاق دو تخته دبل', '1397-08-15', '1397-08-16'),
(594, '17', 'اتاق دو تخته دبل', '1397-08-15', '1397-08-16'),
(595, '17', 'اتاق دو تخته دبل', '1397-08-15', '1397-08-16'),
(596, '17', 'اتاق دو تخته دبل', '1397-08-15', '1397-08-16'),
(597, '18', 'اتاق تک تخته ', '1397-08-15', '1397-08-16'),
(598, '19', 'اتاق تک تخته ', '1397-08-15', '1397-08-16'),
(599, '20', 'اتاق دو تخته ضلع شرق', '1397-08-15', '1397-08-16'),
(600, '21', 'اتاق دو تخته دبل', '1397-08-15', '1397-08-16'),
(601, '22', 'test', '1397-08-15', '1397-08-16'),
(602, '23', 'test', '1397-08-15', '1397-08-16'),
(603, '24', 'اتاق دو تخته توئین', '1397-08-21', '1397-08-22'),
(604, '25', 'اتاق دو تخته توئین', '1397-08-21', '1397-08-22'),
(605, '25', 'اتاق دو تخته توئین', '1397-08-21', '1397-08-22'),
(606, '25', 'اتاق دو تخته توئین', '1397-08-21', '1397-08-22'),
(607, '25', 'اتاق دو تخته توئین', '1397-08-21', '1397-08-22'),
(608, '25', 'اتاق دو تخته توئین', '1397-08-21', '1397-08-22'),
(609, '25', 'اتاق دو تخته توئین', '1397-08-21', '1397-08-22'),
(610, '25', 'اتاق دو تخته توئین', '1397-08-21', '1397-08-22'),
(611, '25', 'اتاق دو تخته توئین', '1397-08-21', '1397-08-22'),
(612, '25', 'اتاق دو تخته توئین', '1397-08-21', '1397-08-22'),
(613, '25', 'اتاق دو تخته توئین', '1397-08-21', '1397-08-22'),
(614, '25', 'اتاق دو تخته توئین', '1397-08-21', '1397-08-22'),
(615, '25', 'اتاق دو تخته توئین', '1397-08-21', '1397-08-22'),
(616, '25', 'اتاق دو تخته توئین', '1397-08-21', '1397-08-22'),
(617, '25', 'اتاق دو تخته توئین', '1397-08-21', '1397-08-22'),
(618, '25', 'اتاق دو تخته توئین', '1397-08-21', '1397-08-22'),
(619, '25', 'اتاق دو تخته توئین', '1397-08-21', '1397-08-22'),
(620, '25', 'اتاق دو تخته توئین', '1397-08-21', '1397-08-22'),
(621, '25', 'اتاق دو تخته توئین', '1397-08-21', '1397-08-22'),
(622, '25', 'اتاق دو تخته توئین', '1397-08-21', '1397-08-22'),
(623, '25', 'اتاق دو تخته توئین', '1397-08-21', '1397-08-22'),
(624, '25', 'اتاق دو تخته توئین', '1397-08-21', '1397-08-22'),
(625, '25', 'اتاق دو تخته توئین', '1397-08-21', '1397-08-22'),
(626, '25', 'اتاق دو تخته توئین', '1397-08-21', '1397-08-22'),
(627, '25', 'اتاق دو تخته توئین', '1397-08-21', '1397-08-22'),
(628, '25', 'اتاق دو تخته توئین', '1397-08-21', '1397-08-22'),
(629, '25', 'اتاق دو تخته توئین', '1397-08-21', '1397-08-22'),
(630, '25', 'اتاق دو تخته توئین', '1397-08-21', '1397-08-22'),
(631, '26', 'اتاق دو تخته توئین', '1397-08-21', '1397-08-22'),
(632, '26', 'اتاق دو تخته توئین', '1397-08-21', '1397-08-22'),
(633, '26', 'اتاق دو تخته توئین', '1397-08-21', '1397-08-22'),
(634, '26', 'اتاق دو تخته توئین', '1397-08-21', '1397-08-22'),
(635, '27', 'اتاق دو تخته توئین', '1397-08-21', '1397-08-22'),
(636, '28', 'اتاق یک تخته الماس ب', '1397-08-21', '1397-08-22'),
(637, '29', 'اتاق دو تخته دبل', '1397-08-21', '1397-08-22'),
(638, '29', 'اتاق دو تخته دبل', '1397-08-21', '1397-08-22'),
(639, '29', 'اتاق دو تخته دبل', '1397-08-21', '1397-08-22'),
(640, '29', 'اتاق دو تخته دبل', '1397-08-21', '1397-08-22'),
(641, '29', 'اتاق دو تخته دبل', '1397-08-21', '1397-08-22'),
(642, '29', 'اتاق دو تخته دبل', '1397-08-21', '1397-08-22');

-- --------------------------------------------------------

--
-- Table structure for table `tariff`
--

CREATE TABLE `tariff` (
  `h_id` varchar(30) COLLATE utf8_persian_ci NOT NULL DEFAULT '0',
  `type` varchar(50) COLLATE utf8_persian_ci NOT NULL DEFAULT '',
  `food` varchar(30) COLLATE utf8_persian_ci NOT NULL DEFAULT '0',
  `price` varchar(30) COLLATE utf8_persian_ci NOT NULL DEFAULT '0',
  `avroom` varchar(30) COLLATE utf8_persian_ci NOT NULL DEFAULT '0',
  `size` varchar(30) COLLATE utf8_persian_ci NOT NULL DEFAULT '0',
  `totroom` int(3) NOT NULL DEFAULT '0'
) ENGINE=InnoDB DEFAULT CHARSET=utf8 COLLATE=utf8_persian_ci;

--
-- Dumping data for table `tariff`
--

INSERT INTO `tariff` (`h_id`, `type`, `food`, `price`, `avroom`, `size`, `totroom`) VALUES
('0', 'اتاق دو تخته توئین', 'شام', '6090000', '-18', '60', 125),
('0', 'اتاق دو تخته دبل', 'ناهار+شام', '4860000', '-208', '60', 501),
('0', 'اتاق دو تخته ضلع شرقي', 'ناهار+شام', '4860000', '10', '25', 50),
('0', 'test', '100', '101', '908', '100', 1000),
('0', 'سوئیت لوکس 2 خوابه', 'شام', '6090000', '45', '29', 150),
('1', 'اتاق تک تخته ', 'شام', '6090000', '103', '60', 105),
('1', 'اتاق دوتخته برای یک نفر', 'صبحانه', '4060000', '100', '38', 100),
('1', 'اتاق يك تخته ضلع غربي', 'صبحانه', '4060000', '100', '29', 100),
('1', 'test', '100', '101', '930', '100', 1000),
('1', 'سوئيت جونيور برای دو نفر', 'صبحانه+ناهار', '24590000', '90', '400', 100),
('1', 'سوئيت دو نفره كوچك ضلع غربي', 'صبحانه+ناهار', '24590000', '-1', '57', 10),
('5', 'اتاق یک تخته الماس برای مهمان ایرانی', 'صبحانه', '3,050,000', '98', '90', 100);

-- --------------------------------------------------------

--
-- Table structure for table `userfav`
--

CREATE TABLE `userfav` (
  `h_id` varchar(30) COLLATE utf8_persian_ci NOT NULL,
  `username` varchar(70) COLLATE utf8_persian_ci NOT NULL
) ENGINE=InnoDB DEFAULT CHARSET=utf8 COLLATE=utf8_persian_ci;

--
-- Dumping data for table `userfav`
--

INSERT INTO `userfav` (`h_id`, `username`) VALUES
('0', 'iman'),
('0', 'iman2'),
('0', 'iman3'),
('0', 'iman8'),
('0', 'imann'),
('1', 'iman'),
('2', 'iman'),
('2', 'iman2'),
('3', 'iman'),
('4', 'iman'),
('4', 'iman2'),
('5', 'iman');

-- --------------------------------------------------------

--
-- Table structure for table `users`
--

CREATE TABLE `users` (
  `username` varchar(70) COLLATE utf8_persian_ci NOT NULL,
  `password` varchar(40) COLLATE utf8_persian_ci NOT NULL,
  `email` varchar(50) COLLATE utf8_persian_ci NOT NULL,
  `phone` varchar(10) COLLATE utf8_persian_ci DEFAULT NULL
) ENGINE=InnoDB DEFAULT CHARSET=utf8 COLLATE=utf8_persian_ci;

--
-- Dumping data for table `users`
--

INSERT INTO `users` (`username`, `password`, `email`, `phone`) VALUES
('iman', '333', 'iman@company.com', '9013929889'),
('iman2', '333', 'iman@iman.iman', '123'),
('iman3', '123', 'bsbs@jjsjs.f', '9123457894'),
('iman4', '123', 'kasnd@snfv.d', '9231645878'),
('iman8', '123', 'asd@ff.com', '101'),
('imanhhszh', '111', 'hzhzb@shshs.fhh', '9157676484'),
('imann', '123', 'haha@sjsj.cjdj', '9794948487'),
('test', '62727', 'bshshs@hdhhd.cfm', '9454546757');

--
-- Indexes for dumped tables
--

--
-- Indexes for table `comments`
--
ALTER TABLE `comments`
  ADD PRIMARY KEY (`cid`),
  ADD KEY `h_id` (`h_id`),
  ADD KEY `username` (`username`);

--
-- Indexes for table `hotel`
--
ALTER TABLE `hotel`
  ADD PRIMARY KEY (`h_id`);

--
-- Indexes for table `mapur`
--
ALTER TABLE `mapur`
  ADD PRIMARY KEY (`r_id`);

--
-- Indexes for table `reservation`
--
ALTER TABLE `reservation`
  ADD PRIMARY KEY (`r_id`);

--
-- Indexes for table `room`
--
ALTER TABLE `room`
  ADD PRIMARY KEY (`room_number`);

--
-- Indexes for table `tariff`
--
ALTER TABLE `tariff`
  ADD PRIMARY KEY (`h_id`,`type`);

--
-- Indexes for table `userfav`
--
ALTER TABLE `userfav`
  ADD PRIMARY KEY (`h_id`,`username`),
  ADD KEY `username` (`username`);

--
-- Indexes for table `users`
--
ALTER TABLE `users`
  ADD PRIMARY KEY (`username`);

--
-- AUTO_INCREMENT for dumped tables
--

--
-- AUTO_INCREMENT for table `comments`
--
ALTER TABLE `comments`
  MODIFY `cid` int(11) NOT NULL AUTO_INCREMENT, AUTO_INCREMENT=24;

--
-- Constraints for dumped tables
--

--
-- Constraints for table `comments`
--
ALTER TABLE `comments`
  ADD CONSTRAINT `comments_ibfk_1` FOREIGN KEY (`h_id`) REFERENCES `hotel` (`h_id`),
  ADD CONSTRAINT `comments_ibfk_2` FOREIGN KEY (`username`) REFERENCES `users` (`username`);

--
-- Constraints for table `tariff`
--
ALTER TABLE `tariff`
  ADD CONSTRAINT `tariff_ibfk_1` FOREIGN KEY (`h_id`) REFERENCES `hotel` (`h_id`);

--
-- Constraints for table `userfav`
--
ALTER TABLE `userfav`
  ADD CONSTRAINT `userfav_ibfk_1` FOREIGN KEY (`h_id`) REFERENCES `hotel` (`h_id`),
  ADD CONSTRAINT `userfav_ibfk_2` FOREIGN KEY (`username`) REFERENCES `users` (`username`);
COMMIT;

/*!40101 SET CHARACTER_SET_CLIENT=@OLD_CHARACTER_SET_CLIENT */;
/*!40101 SET CHARACTER_SET_RESULTS=@OLD_CHARACTER_SET_RESULTS */;
/*!40101 SET COLLATION_CONNECTION=@OLD_COLLATION_CONNECTION */;
